course_name,platform,category,career_domain,skills_required,tags,difficulty,duration,rating,description
Complete Web Development Bootcamp,Pluralsight,Web Development,Software Engineering,"CSS, HTML, Django, JavaScript","frontend, javascript, web development, backend, beginner",Beginner,12 weeks,3.7,"A project-based beginner course teaching CSS, HTML, Django, JavaScript with real industry use cases."
Complete Web Development Bootcamp - Part 2,Coursera,Web Development,Software Engineering,"HTML, Git, CSS, Django","javascript, web development, backend, full stack, intermediate",Intermediate,20 hours,4.1,"A project-based intermediate course teaching HTML, Git, CSS, Django with real industry use cases."
Modern JavaScript from Scratch,LinkedIn Learning,Web Development,Software Engineering,"Node.js, REST APIs, HTML, CSS","full stack, backend, frontend, web development, intermediate",Intermediate,10 weeks,4.8,"Hands-on Web Development training focused on Node.js, REST APIs, HTML, CSS, designed for intermediate learners."
Modern JavaScript from Scratch - Part 2,Coursera,Web Development,Software Engineering,"CSS, React, HTML, JavaScript","backend, javascript, web development, frontend, advanced",Advanced,12 weeks,3.8,"A project-based advanced course teaching CSS, React, HTML, JavaScript with real industry use cases."
React - The Complete Guide,Coursera,Web Development,Software Engineering,"Node.js, REST APIs, Django, Git","backend, frontend, javascript, web development, advanced",Advanced,8 weeks,4.5,"A advanced level course covering Node.js, REST APIs, Django, Git for learners aiming to become a Software Engineering."
React - The Complete Guide - Part 2,Coursera,Web Development,Software Engineering,"React, REST APIs, HTML, Git","backend, full stack, javascript, frontend, beginner",Beginner,6 weeks,4.1,"Hands-on Web Development training focused on React, REST APIs, HTML, Git, designed for beginner learners."
Django for Beginners,Pluralsight,Web Development,Software Engineering,"Node.js, Django, REST APIs, HTML","javascript, frontend, backend, web development, beginner",Beginner,8 weeks,4.2,"Hands-on Web Development training focused on Node.js, Django, REST APIs, HTML, designed for beginner learners."
Django for Beginners - Part 2,Pluralsight,Web Development,Software Engineering,"React, Django, JavaScript, HTML","frontend, web development, javascript, backend, intermediate",Intermediate,40 hours,3.7,"Learn React, Django, JavaScript, HTML through practical projects in this intermediate Web Development course."
Node.js API Masterclass,Pluralsight,Web Development,Software Engineering,"Django, CSS, Git, React","full stack, javascript, web development, frontend, intermediate",Intermediate,30 hours,3.9,"Hands-on Web Development training focused on Django, CSS, Git, React, designed for intermediate learners."
Node.js API Masterclass - Part 2,LinkedIn Learning,Web Development,Software Engineering,"Node.js, Django, Git, React","javascript, full stack, frontend, web development, advanced",Advanced,3 weeks,4.3,"Hands-on Web Development training focused on Node.js, Django, Git, React, designed for advanced learners."
HTML CSS JavaScript Fundamentals,Coursera,Web Development,Software Engineering,"CSS, Git, Django, REST APIs","full stack, web development, frontend, backend, advanced",Advanced,30 hours,4.9,"A project-based advanced course teaching CSS, Git, Django, REST APIs with real industry use cases."
HTML CSS JavaScript Fundamentals - Part 2,edX,Web Development,Software Engineering,"HTML, Django, REST APIs, Git","javascript, backend, full stack, frontend, beginner",Beginner,4 weeks,4.0,"A beginner level course covering HTML, Django, REST APIs, Git for learners aiming to become a Software Engineering."
Full Stack Web Development,Udacity,Web Development,Software Engineering,"HTML, Django, REST APIs, JavaScript","javascript, frontend, backend, web development, beginner",Beginner,30 hours,4.7,"Learn HTML, Django, REST APIs, JavaScript through practical projects in this beginner Web Development course."
Full Stack Web Development - Part 2,LinkedIn Learning,Web Development,Software Engineering,"React, CSS, JavaScript, REST APIs","javascript, web development, backend, frontend, intermediate",Intermediate,10 weeks,3.6,"This course builds real-world Web Development skills including React, CSS, JavaScript, REST APIs, ideal for aspiring Software Engineerings."
Building REST APIs with Django,edX,Web Development,Software Engineering,"React, HTML, CSS, Node.js","web development, javascript, backend, frontend, intermediate",Intermediate,30 hours,4.9,"A intermediate level course covering React, HTML, CSS, Node.js for learners aiming to become a Software Engineering."
Building REST APIs with Django - Part 2,Udemy,Web Development,Software Engineering,"JavaScript, Django, React, Node.js","frontend, backend, full stack, javascript, advanced",Advanced,6 weeks,4.8,"Hands-on Web Development training focused on JavaScript, Django, React, Node.js, designed for advanced learners."
Advanced React and Redux,Pluralsight,Web Development,Software Engineering,"Node.js, React, Django, JavaScript","full stack, javascript, web development, backend, advanced",Advanced,2 weeks,3.7,"Hands-on Web Development training focused on Node.js, React, Django, JavaScript, designed for advanced learners."
Advanced React and Redux - Part 2,LinkedIn Learning,Web Development,Software Engineering,"React, Node.js, CSS, HTML","web development, javascript, full stack, backend, beginner",Beginner,3 weeks,4.7,"A beginner level course covering React, Node.js, CSS, HTML for learners aiming to become a Software Engineering."
Responsive Web Design Bootcamp,LinkedIn Learning,Web Development,Software Engineering,"React, JavaScript, Django, Git","frontend, javascript, backend, full stack, beginner",Beginner,12 weeks,4.6,"Hands-on Web Development training focused on React, JavaScript, Django, Git, designed for beginner learners."
Responsive Web Design Bootcamp - Part 2,Udemy,Web Development,Software Engineering,"CSS, HTML, Django, React","backend, full stack, frontend, javascript, intermediate",Intermediate,60 hours,4.5,"A intermediate level course covering CSS, HTML, Django, React for learners aiming to become a Software Engineering."
Python for Data Science,Coursera,Data Science,Data Analyst,"Python, Data Visualization, NumPy, Excel","data analysis, beginner friendly, data science, statistics, beginner",Beginner,8 weeks,4.1,"Hands-on Data Science training focused on Python, Data Visualization, NumPy, Excel, designed for beginner learners."
Python for Data Science - Part 2,Udacity,Data Science,Data Analyst,"Pandas, Python, Data Visualization, SQL","data science, beginner friendly, statistics, python, intermediate",Intermediate,20 hours,4.1,"Hands-on Data Science training focused on Pandas, Python, Data Visualization, SQL, designed for intermediate learners."
Data Analysis with Pandas,Udemy,Data Science,Data Analyst,"Excel, Data Visualization, Python, Pandas","statistics, data science, data analysis, python, intermediate",Intermediate,30 hours,4.0,"This course builds real-world Data Science skills including Excel, Data Visualization, Python, Pandas, ideal for aspiring Data Analysts."
Data Analysis with Pandas - Part 2,Pluralsight,Data Science,Data Analyst,"SQL, Data Visualization, Pandas, Statistics","python, data analysis, data science, beginner friendly, advanced",Advanced,40 hours,3.7,"Learn SQL, Data Visualization, Pandas, Statistics through practical projects in this advanced Data Science course."
Statistics for Data Science,Udacity,Data Science,Data Analyst,"Statistics, Excel, Pandas, Python","beginner friendly, data science, statistics, python, advanced",Advanced,6 weeks,3.7,"A project-based advanced course teaching Statistics, Excel, Pandas, Python with real industry use cases."
Statistics for Data Science - Part 2,Udacity,Data Science,Data Analyst,"Python, Statistics, Pandas, Excel","beginner friendly, data science, data analysis, python, beginner",Beginner,10 weeks,3.9,"Learn Python, Statistics, Pandas, Excel through practical projects in this beginner Data Science course."
SQL for Data Analysts,Udemy,Data Science,Data Analyst,"NumPy, Data Visualization, Pandas, Excel","statistics, python, data science, beginner friendly, beginner",Beginner,40 hours,4.4,"This course builds real-world Data Science skills including NumPy, Data Visualization, Pandas, Excel, ideal for aspiring Data Analysts."
SQL for Data Analysts - Part 2,Coursera,Data Science,Data Analyst,"Python, Statistics, Pandas, NumPy","data analysis, python, data science, statistics, intermediate",Intermediate,20 hours,4.0,"Learn Python, Statistics, Pandas, NumPy through practical projects in this intermediate Data Science course."
Data Visualization with Matplotlib and Seaborn,LinkedIn Learning,Data Science,Data Analyst,"SQL, NumPy, Statistics, Python","beginner friendly, python, statistics, data science, intermediate",Intermediate,3 weeks,3.9,"Hands-on Data Science training focused on SQL, NumPy, Statistics, Python, designed for intermediate learners."
Data Visualization with Matplotlib and Seaborn - Part 2,Pluralsight,Data Science,Data Analyst,"Statistics, Pandas, NumPy, Excel","beginner friendly, data analysis, python, statistics, advanced",Advanced,8 weeks,4.5,"Hands-on Data Science training focused on Statistics, Pandas, NumPy, Excel, designed for advanced learners."
Excel for Data Analysis,LinkedIn Learning,Data Science,Data Analyst,"Data Visualization, NumPy, Python, Statistics","statistics, python, data science, beginner friendly, advanced",Advanced,60 hours,4.6,"Learn Data Visualization, NumPy, Python, Statistics through practical projects in this advanced Data Science course."
Excel for Data Analysis - Part 2,edX,Data Science,Data Analyst,"Pandas, SQL, Data Visualization, Statistics","beginner friendly, data science, statistics, python, beginner",Beginner,10 weeks,4.3,"Hands-on Data Science training focused on Pandas, SQL, Data Visualization, Statistics, designed for beginner learners."
Introduction to Data Science,LinkedIn Learning,Data Science,Data Analyst,"Statistics, Pandas, Data Visualization, SQL","data science, python, data analysis, beginner friendly, beginner",Beginner,6 weeks,3.9,"Learn Statistics, Pandas, Data Visualization, SQL through practical projects in this beginner Data Science course."
Introduction to Data Science - Part 2,Pluralsight,Data Science,Data Analyst,"Python, NumPy, Statistics, Data Visualization","beginner friendly, data analysis, data science, python, intermediate",Intermediate,2 weeks,4.7,"Hands-on Data Science training focused on Python, NumPy, Statistics, Data Visualization, designed for intermediate learners."
Exploratory Data Analysis Masterclass,Udemy,Data Science,Data Analyst,"SQL, NumPy, Data Visualization, Pandas","python, data analysis, beginner friendly, data science, intermediate",Intermediate,20 hours,4.7,"This course builds real-world Data Science skills including SQL, NumPy, Data Visualization, Pandas, ideal for aspiring Data Analysts."
Exploratory Data Analysis Masterclass - Part 2,Udemy,Data Science,Data Analyst,"Pandas, Data Visualization, NumPy, Statistics","data analysis, beginner friendly, data science, python, advanced",Advanced,3 weeks,4.0,"This course builds real-world Data Science skills including Pandas, Data Visualization, NumPy, Statistics, ideal for aspiring Data Analysts."
Data Science Bootcamp,edX,Data Science,Data Analyst,"NumPy, SQL, Statistics, Data Visualization","beginner friendly, python, data science, statistics, advanced",Advanced,8 weeks,3.8,"Learn NumPy, SQL, Statistics, Data Visualization through practical projects in this advanced Data Science course."
Data Science Bootcamp - Part 2,Coursera,Data Science,Data Analyst,"Python, Statistics, Data Visualization, NumPy","python, statistics, beginner friendly, data science, beginner",Beginner,6 weeks,4.8,"This course builds real-world Data Science skills including Python, Statistics, Data Visualization, NumPy, ideal for aspiring Data Analysts."
Applied Statistics with Python,edX,Data Science,Data Analyst,"Python, SQL, Data Visualization, Excel","beginner friendly, data analysis, statistics, python, beginner",Beginner,10 weeks,4.8,"A beginner level course covering Python, SQL, Data Visualization, Excel for learners aiming to become a Data Analyst."
Applied Statistics with Python - Part 2,LinkedIn Learning,Data Science,Data Analyst,"NumPy, SQL, Python, Excel","beginner friendly, python, statistics, data analysis, intermediate",Intermediate,8 weeks,4.1,"Learn NumPy, SQL, Python, Excel through practical projects in this intermediate Data Science course."
Machine Learning A-Z,LinkedIn Learning,Machine Learning,AI/ML Engineer,"Scikit-learn, Deep Learning, PyTorch, TensorFlow","neural networks, deep learning, ai, python, beginner",Beginner,2 weeks,4.3,"This course builds real-world Machine Learning skills including Scikit-learn, Deep Learning, PyTorch, TensorFlow, ideal for aspiring AI/ML Engineers."
Machine Learning A-Z - Part 2,edX,Machine Learning,AI/ML Engineer,"TensorFlow, Scikit-learn, PyTorch, Deep Learning","python, ai, deep learning, neural networks, intermediate",Intermediate,30 hours,4.5,"This course builds real-world Machine Learning skills including TensorFlow, Scikit-learn, PyTorch, Deep Learning, ideal for aspiring AI/ML Engineers."
Deep Learning Specialization,Udacity,Machine Learning,AI/ML Engineer,"Deep Learning, Scikit-learn, Python, Machine Learning","python, ai, machine learning, neural networks, intermediate",Intermediate,6 weeks,3.9,"Learn Deep Learning, Scikit-learn, Python, Machine Learning through practical projects in this intermediate Machine Learning course."
Deep Learning Specialization - Part 2,Udemy,Machine Learning,AI/ML Engineer,"Python, Deep Learning, Scikit-learn, PyTorch","python, machine learning, deep learning, ai, advanced",Advanced,12 weeks,3.9,"A project-based advanced course teaching Python, Deep Learning, Scikit-learn, PyTorch with real industry use cases."
Introduction to Neural Networks,Udacity,Machine Learning,AI/ML Engineer,"PyTorch, Scikit-learn, Machine Learning, TensorFlow","machine learning, python, deep learning, neural networks, advanced",Advanced,30 hours,4.6,"Hands-on Machine Learning training focused on PyTorch, Scikit-learn, Machine Learning, TensorFlow, designed for advanced learners."
Introduction to Neural Networks - Part 2,Udacity,Machine Learning,AI/ML Engineer,"Python, Machine Learning, Scikit-learn, Deep Learning","neural networks, deep learning, python, ai, beginner",Beginner,30 hours,4.4,"This course builds real-world Machine Learning skills including Python, Machine Learning, Scikit-learn, Deep Learning, ideal for aspiring AI/ML Engineers."
Machine Learning with Scikit-learn,Udacity,Machine Learning,AI/ML Engineer,"Machine Learning, PyTorch, Scikit-learn, TensorFlow","neural networks, python, deep learning, machine learning, beginner",Beginner,30 hours,4.6,"Learn Machine Learning, PyTorch, Scikit-learn, TensorFlow through practical projects in this beginner Machine Learning course."
Machine Learning with Scikit-learn - Part 2,Udacity,Machine Learning,AI/ML Engineer,"Deep Learning, Scikit-learn, TensorFlow, Machine Learning","machine learning, ai, python, deep learning, intermediate",Intermediate,30 hours,4.0,"Learn Deep Learning, Scikit-learn, TensorFlow, Machine Learning through practical projects in this intermediate Machine Learning course."
TensorFlow for Deep Learning,Coursera,Machine Learning,AI/ML Engineer,"Scikit-learn, Deep Learning, Machine Learning, PyTorch","deep learning, python, machine learning, neural networks, intermediate",Intermediate,20 hours,4.0,"This course builds real-world Machine Learning skills including Scikit-learn, Deep Learning, Machine Learning, PyTorch, ideal for aspiring AI/ML Engineers."
TensorFlow for Deep Learning - Part 2,Udacity,Machine Learning,AI/ML Engineer,"Python, Scikit-learn, PyTorch, Machine Learning","python, machine learning, ai, deep learning, advanced",Advanced,10 weeks,3.6,"This course builds real-world Machine Learning skills including Python, Scikit-learn, PyTorch, Machine Learning, ideal for aspiring AI/ML Engineers."
PyTorch for Beginners,edX,Machine Learning,AI/ML Engineer,"PyTorch, Deep Learning, Scikit-learn, Machine Learning","deep learning, ai, python, neural networks, advanced",Advanced,60 hours,4.1,"A advanced level course covering PyTorch, Deep Learning, Scikit-learn, Machine Learning for learners aiming to become a AI/ML Engineer."
PyTorch for Beginners - Part 2,Pluralsight,Machine Learning,AI/ML Engineer,"PyTorch, Scikit-learn, Deep Learning, Python","python, machine learning, deep learning, neural networks, beginner",Beginner,4 weeks,4.4,"A beginner level course covering PyTorch, Scikit-learn, Deep Learning, Python for learners aiming to become a AI/ML Engineer."
Natural Language Processing Fundamentals,Udacity,Machine Learning,AI/ML Engineer,"Scikit-learn, Python, TensorFlow, Deep Learning","ai, deep learning, neural networks, python, beginner",Beginner,12 weeks,4.6,"Learn Scikit-learn, Python, TensorFlow, Deep Learning through practical projects in this beginner Machine Learning course."
Natural Language Processing Fundamentals - Part 2,edX,Machine Learning,AI/ML Engineer,"PyTorch, TensorFlow, Python, Scikit-learn","machine learning, python, deep learning, neural networks, intermediate",Intermediate,60 hours,4.6,"A intermediate level course covering PyTorch, TensorFlow, Python, Scikit-learn for learners aiming to become a AI/ML Engineer."
Computer Vision with Deep Learning,Coursera,Machine Learning,AI/ML Engineer,"Python, Scikit-learn, Machine Learning, Deep Learning","python, deep learning, machine learning, ai, intermediate",Intermediate,40 hours,4.5,"This course builds real-world Machine Learning skills including Python, Scikit-learn, Machine Learning, Deep Learning, ideal for aspiring AI/ML Engineers."
Computer Vision with Deep Learning - Part 2,Udemy,Machine Learning,AI/ML Engineer,"PyTorch, TensorFlow, Machine Learning, Python","python, machine learning, neural networks, deep learning, advanced",Advanced,8 weeks,4.4,"A advanced level course covering PyTorch, TensorFlow, Machine Learning, Python for learners aiming to become a AI/ML Engineer."
Applied Machine Learning,LinkedIn Learning,Machine Learning,AI/ML Engineer,"Deep Learning, PyTorch, Machine Learning, TensorFlow","deep learning, machine learning, ai, neural networks, advanced",Advanced,8 weeks,4.5,"A advanced level course covering Deep Learning, PyTorch, Machine Learning, TensorFlow for learners aiming to become a AI/ML Engineer."
Applied Machine Learning - Part 2,Pluralsight,Machine Learning,AI/ML Engineer,"Machine Learning, Python, Deep Learning, Scikit-learn","python, neural networks, ai, deep learning, beginner",Beginner,10 weeks,4.3,"A beginner level course covering Machine Learning, Python, Deep Learning, Scikit-learn for learners aiming to become a AI/ML Engineer."
Reinforcement Learning Basics,Coursera,Machine Learning,AI/ML Engineer,"PyTorch, Deep Learning, Python, Scikit-learn","ai, neural networks, python, machine learning, beginner",Beginner,30 hours,3.8,"This course builds real-world Machine Learning skills including PyTorch, Deep Learning, Python, Scikit-learn, ideal for aspiring AI/ML Engineers."
Reinforcement Learning Basics - Part 2,Pluralsight,Machine Learning,AI/ML Engineer,"TensorFlow, Machine Learning, PyTorch, Scikit-learn","neural networks, ai, deep learning, machine learning, intermediate",Intermediate,20 hours,4.0,"A intermediate level course covering TensorFlow, Machine Learning, PyTorch, Scikit-learn for learners aiming to become a AI/ML Engineer."
AWS Certified Solutions Architect,Udemy,Cloud Computing,Cloud Engineer,"Linux, Docker, Kubernetes, DevOps","devops, cloud computing, aws, kubernetes, beginner",Beginner,10 weeks,4.2,"Hands-on Cloud Computing training focused on Linux, Docker, Kubernetes, DevOps, designed for beginner learners."
AWS Certified Solutions Architect - Part 2,edX,Cloud Computing,Cloud Engineer,"Google Cloud, Linux, Kubernetes, DevOps","kubernetes, cloud computing, devops, infrastructure, intermediate",Intermediate,12 weeks,3.9,"A intermediate level course covering Google Cloud, Linux, Kubernetes, DevOps for learners aiming to become a Cloud Engineer."
Microsoft Azure Fundamentals,Udacity,Cloud Computing,Cloud Engineer,"Kubernetes, Azure, Docker, Linux","infrastructure, cloud computing, kubernetes, aws, intermediate",Intermediate,6 weeks,4.1,"Hands-on Cloud Computing training focused on Kubernetes, Azure, Docker, Linux, designed for intermediate learners."
Microsoft Azure Fundamentals - Part 2,edX,Cloud Computing,Cloud Engineer,"DevOps, Kubernetes, Google Cloud, Docker","kubernetes, devops, aws, infrastructure, advanced",Advanced,8 weeks,4.5,"Learn DevOps, Kubernetes, Google Cloud, Docker through practical projects in this advanced Cloud Computing course."
Google Cloud Platform Essentials,edX,Cloud Computing,Cloud Engineer,"Google Cloud, Azure, AWS, DevOps","devops, cloud computing, kubernetes, infrastructure, advanced",Advanced,20 hours,3.9,"Hands-on Cloud Computing training focused on Google Cloud, Azure, AWS, DevOps, designed for advanced learners."
Google Cloud Platform Essentials - Part 2,edX,Cloud Computing,Cloud Engineer,"DevOps, Kubernetes, Linux, Google Cloud","cloud computing, aws, infrastructure, kubernetes, beginner",Beginner,2 weeks,3.8,"Learn DevOps, Kubernetes, Linux, Google Cloud through practical projects in this beginner Cloud Computing course."
Docker and Kubernetes Complete Guide,Pluralsight,Cloud Computing,Cloud Engineer,"Kubernetes, Azure, Google Cloud, AWS","cloud computing, devops, infrastructure, kubernetes, beginner",Beginner,2 weeks,3.7,"This course builds real-world Cloud Computing skills including Kubernetes, Azure, Google Cloud, AWS, ideal for aspiring Cloud Engineers."
Docker and Kubernetes Complete Guide - Part 2,LinkedIn Learning,Cloud Computing,Cloud Engineer,"Google Cloud, Docker, DevOps, Kubernetes","devops, aws, cloud computing, infrastructure, intermediate",Intermediate,3 weeks,3.7,"This course builds real-world Cloud Computing skills including Google Cloud, Docker, DevOps, Kubernetes, ideal for aspiring Cloud Engineers."
DevOps Engineering Bootcamp,Udacity,Cloud Computing,Cloud Engineer,"Docker, AWS, Kubernetes, DevOps","aws, kubernetes, devops, infrastructure, intermediate",Intermediate,3 weeks,4.9,"A intermediate level course covering Docker, AWS, Kubernetes, DevOps for learners aiming to become a Cloud Engineer."
DevOps Engineering Bootcamp - Part 2,LinkedIn Learning,Cloud Computing,Cloud Engineer,"Linux, Docker, Kubernetes, Azure","kubernetes, infrastructure, aws, devops, advanced",Advanced,12 weeks,4.7,"Learn Linux, Docker, Kubernetes, Azure through practical projects in this advanced Cloud Computing course."
Linux for Cloud Engineers,edX,Cloud Computing,Cloud Engineer,"Kubernetes, Linux, AWS, DevOps","aws, kubernetes, infrastructure, cloud computing, advanced",Advanced,30 hours,3.9,"Hands-on Cloud Computing training focused on Kubernetes, Linux, AWS, DevOps, designed for advanced learners."
Linux for Cloud Engineers - Part 2,Coursera,Cloud Computing,Cloud Engineer,"Azure, AWS, Docker, Kubernetes","kubernetes, infrastructure, aws, cloud computing, beginner",Beginner,8 weeks,4.0,"Hands-on Cloud Computing training focused on Azure, AWS, Docker, Kubernetes, designed for beginner learners."
Cloud Infrastructure with Terraform,Pluralsight,Cloud Computing,Cloud Engineer,"Linux, Docker, AWS, Azure","devops, aws, infrastructure, cloud computing, beginner",Beginner,4 weeks,3.9,"A project-based beginner course teaching Linux, Docker, AWS, Azure with real industry use cases."
Cloud Infrastructure with Terraform - Part 2,edX,Cloud Computing,Cloud Engineer,"Linux, Azure, AWS, Kubernetes","aws, devops, infrastructure, kubernetes, intermediate",Intermediate,8 weeks,3.8,"This course builds real-world Cloud Computing skills including Linux, Azure, AWS, Kubernetes, ideal for aspiring Cloud Engineers."
AWS Lambda and Serverless Computing,Pluralsight,Cloud Computing,Cloud Engineer,"Docker, Google Cloud, Kubernetes, Linux","infrastructure, cloud computing, devops, kubernetes, intermediate",Intermediate,40 hours,4.6,"This course builds real-world Cloud Computing skills including Docker, Google Cloud, Kubernetes, Linux, ideal for aspiring Cloud Engineers."
AWS Lambda and Serverless Computing - Part 2,edX,Cloud Computing,Cloud Engineer,"AWS, Linux, Azure, DevOps","devops, cloud computing, infrastructure, aws, advanced",Advanced,8 weeks,4.4,"A project-based advanced course teaching AWS, Linux, Azure, DevOps with real industry use cases."
CI/CD Pipelines with Jenkins,Udemy,Cloud Computing,Cloud Engineer,"Kubernetes, Docker, DevOps, AWS","infrastructure, devops, aws, kubernetes, advanced",Advanced,4 weeks,4.5,"Learn Kubernetes, Docker, DevOps, AWS through practical projects in this advanced Cloud Computing course."
CI/CD Pipelines with Jenkins - Part 2,edX,Cloud Computing,Cloud Engineer,"Docker, DevOps, Linux, Google Cloud","infrastructure, cloud computing, aws, kubernetes, beginner",Beginner,3 weeks,3.9,"Learn Docker, DevOps, Linux, Google Cloud through practical projects in this beginner Cloud Computing course."
Cloud Security Fundamentals,Udacity,Cloud Computing,Cloud Engineer,"Linux, Kubernetes, AWS, Docker","infrastructure, cloud computing, kubernetes, aws, beginner",Beginner,60 hours,4.6,"A project-based beginner course teaching Linux, Kubernetes, AWS, Docker with real industry use cases."
Cloud Security Fundamentals - Part 2,Udacity,Cloud Computing,Cloud Engineer,"Linux, AWS, Azure, Google Cloud","kubernetes, aws, infrastructure, devops, intermediate",Intermediate,60 hours,3.8,"This course builds real-world Cloud Computing skills including Linux, AWS, Azure, Google Cloud, ideal for aspiring Cloud Engineers."
Ethical Hacking Bootcamp,LinkedIn Learning,Cybersecurity,Security Analyst,"Ethical Hacking, SIEM, Cryptography, Linux","cybersecurity, network security, ethical hacking, penetration testing, beginner",Beginner,3 weeks,4.9,"Hands-on Cybersecurity training focused on Ethical Hacking, SIEM, Cryptography, Linux, designed for beginner learners."
Ethical Hacking Bootcamp - Part 2,Udacity,Cybersecurity,Security Analyst,"Network Security, Ethical Hacking, Linux, Cryptography","network security, penetration testing, ethical hacking, cybersecurity, intermediate",Intermediate,6 weeks,4.9,"This course builds real-world Cybersecurity skills including Network Security, Ethical Hacking, Linux, Cryptography, ideal for aspiring Security Analysts."
Network Security Fundamentals,Udacity,Cybersecurity,Security Analyst,"Python, Ethical Hacking, Linux, Network Security","ethical hacking, cybersecurity, penetration testing, network security, intermediate",Intermediate,30 hours,4.8,"Learn Python, Ethical Hacking, Linux, Network Security through practical projects in this intermediate Cybersecurity course."
Network Security Fundamentals - Part 2,edX,Cybersecurity,Security Analyst,"Network Security, Cryptography, Python, Linux","penetration testing, cybersecurity, ethical hacking, network security, advanced",Advanced,30 hours,4.0,"Learn Network Security, Cryptography, Python, Linux through practical projects in this advanced Cybersecurity course."
Certified Cybersecurity Analyst Prep,Udacity,Cybersecurity,Security Analyst,"Linux, Cryptography, Ethical Hacking, Python","ethical hacking, network security, penetration testing, cybersecurity, advanced",Advanced,20 hours,3.7,"This course builds real-world Cybersecurity skills including Linux, Cryptography, Ethical Hacking, Python, ideal for aspiring Security Analysts."
Certified Cybersecurity Analyst Prep - Part 2,Pluralsight,Cybersecurity,Security Analyst,"Linux, SIEM, Ethical Hacking, Python","cybersecurity, penetration testing, ethical hacking, network security, beginner",Beginner,20 hours,3.7,"This course builds real-world Cybersecurity skills including Linux, SIEM, Ethical Hacking, Python, ideal for aspiring Security Analysts."
Penetration Testing with Kali Linux,Coursera,Cybersecurity,Security Analyst,"SIEM, Ethical Hacking, Linux, Cryptography","ethical hacking, cybersecurity, penetration testing, network security, beginner",Beginner,12 weeks,4.4,"Learn SIEM, Ethical Hacking, Linux, Cryptography through practical projects in this beginner Cybersecurity course."
Penetration Testing with Kali Linux - Part 2,Pluralsight,Cybersecurity,Security Analyst,"Network Security, Cryptography, Linux, Ethical Hacking","penetration testing, network security, cybersecurity, ethical hacking, intermediate",Intermediate,8 weeks,4.4,"Hands-on Cybersecurity training focused on Network Security, Cryptography, Linux, Ethical Hacking, designed for intermediate learners."
Cryptography Basics,Udemy,Cybersecurity,Security Analyst,"SIEM, Network Security, Linux, Python","cybersecurity, ethical hacking, penetration testing, network security, intermediate",Intermediate,2 weeks,3.7,"A intermediate level course covering SIEM, Network Security, Linux, Python for learners aiming to become a Security Analyst."
Cryptography Basics - Part 2,edX,Cybersecurity,Security Analyst,"Cryptography, SIEM, Linux, Network Security","ethical hacking, network security, penetration testing, cybersecurity, advanced",Advanced,40 hours,3.8,"Hands-on Cybersecurity training focused on Cryptography, SIEM, Linux, Network Security, designed for advanced learners."
Security Operations and SIEM,Udacity,Cybersecurity,Security Analyst,"Python, Ethical Hacking, Linux, Cryptography","ethical hacking, cybersecurity, penetration testing, network security, advanced",Advanced,2 weeks,3.9,"This course builds real-world Cybersecurity skills including Python, Ethical Hacking, Linux, Cryptography, ideal for aspiring Security Analysts."
Security Operations and SIEM - Part 2,Udacity,Cybersecurity,Security Analyst,"Cryptography, Python, Ethical Hacking, Network Security","penetration testing, ethical hacking, network security, cybersecurity, beginner",Beginner,8 weeks,4.2,"Learn Cryptography, Python, Ethical Hacking, Network Security through practical projects in this beginner Cybersecurity course."
Introduction to Cybersecurity,Udemy,Cybersecurity,Security Analyst,"Linux, SIEM, Network Security, Python","penetration testing, network security, ethical hacking, cybersecurity, beginner",Beginner,60 hours,3.6,"Learn Linux, SIEM, Network Security, Python through practical projects in this beginner Cybersecurity course."
Introduction to Cybersecurity - Part 2,Udacity,Cybersecurity,Security Analyst,"Cryptography, Network Security, Python, SIEM","penetration testing, ethical hacking, cybersecurity, network security, intermediate",Intermediate,40 hours,4.4,"Hands-on Cybersecurity training focused on Cryptography, Network Security, Python, SIEM, designed for intermediate learners."
Web Application Security,edX,Cybersecurity,Security Analyst,"SIEM, Ethical Hacking, Network Security, Cryptography","cybersecurity, ethical hacking, network security, penetration testing, intermediate",Intermediate,4 weeks,4.1,"A project-based intermediate course teaching SIEM, Ethical Hacking, Network Security, Cryptography with real industry use cases."
Web Application Security - Part 2,Coursera,Cybersecurity,Security Analyst,"Cryptography, SIEM, Linux, Network Security","ethical hacking, cybersecurity, penetration testing, network security, advanced",Advanced,20 hours,3.9,"Hands-on Cybersecurity training focused on Cryptography, SIEM, Linux, Network Security, designed for advanced learners."
Malware Analysis Fundamentals,edX,Cybersecurity,Security Analyst,"SIEM, Cryptography, Network Security, Ethical Hacking","cybersecurity, penetration testing, network security, ethical hacking, advanced",Advanced,12 weeks,4.1,"A project-based advanced course teaching SIEM, Cryptography, Network Security, Ethical Hacking with real industry use cases."
Malware Analysis Fundamentals - Part 2,Coursera,Cybersecurity,Security Analyst,"Cryptography, Python, Network Security, Ethical Hacking","network security, penetration testing, ethical hacking, cybersecurity, beginner",Beginner,6 weeks,3.7,"Learn Cryptography, Python, Network Security, Ethical Hacking through practical projects in this beginner Cybersecurity course."
Cloud Security Essentials,Udacity,Cybersecurity,Security Analyst,"Network Security, Python, Cryptography, Linux","ethical hacking, network security, cybersecurity, penetration testing, beginner",Beginner,3 weeks,4.4,"Learn Network Security, Python, Cryptography, Linux through practical projects in this beginner Cybersecurity course."
Cloud Security Essentials - Part 2,Udemy,Cybersecurity,Security Analyst,"Network Security, SIEM, Cryptography, Ethical Hacking","cybersecurity, penetration testing, network security, ethical hacking, intermediate",Intermediate,60 hours,4.2,"This course builds real-world Cybersecurity skills including Network Security, SIEM, Cryptography, Ethical Hacking, ideal for aspiring Security Analysts."
Flutter and Dart Complete Course,Pluralsight,Mobile Development,Mobile App Developer,"Firebase, React Native, Swift, Kotlin","android, flutter, ios, mobile development, beginner",Beginner,8 weeks,4.4,"This course builds real-world Mobile Development skills including Firebase, React Native, Swift, Kotlin, ideal for aspiring Mobile App Developers."
Flutter and Dart Complete Course - Part 2,Coursera,Mobile Development,Mobile App Developer,"Firebase, Kotlin, Dart, Swift","flutter, android, app development, mobile development, intermediate",Intermediate,60 hours,4.3,"Learn Firebase, Kotlin, Dart, Swift through practical projects in this intermediate Mobile Development course."
Android Development with Kotlin,edX,Mobile Development,Mobile App Developer,"Flutter, Swift, Kotlin, Firebase","mobile development, flutter, app development, ios, intermediate",Intermediate,2 weeks,4.9,"A project-based intermediate course teaching Flutter, Swift, Kotlin, Firebase with real industry use cases."
Android Development with Kotlin - Part 2,edX,Mobile Development,Mobile App Developer,"Dart, Firebase, React Native, Flutter","app development, android, ios, mobile development, advanced",Advanced,4 weeks,4.0,"Hands-on Mobile Development training focused on Dart, Firebase, React Native, Flutter, designed for advanced learners."
iOS Development with Swift,LinkedIn Learning,Mobile Development,Mobile App Developer,"Flutter, Kotlin, Dart, Firebase","app development, ios, mobile development, flutter, advanced",Advanced,10 weeks,3.8,"A advanced level course covering Flutter, Kotlin, Dart, Firebase for learners aiming to become a Mobile App Developer."
iOS Development with Swift - Part 2,Udemy,Mobile Development,Mobile App Developer,"React Native, Kotlin, Flutter, Swift","ios, mobile development, flutter, android, beginner",Beginner,3 weeks,3.7,"A project-based beginner course teaching React Native, Kotlin, Flutter, Swift with real industry use cases."
React Native for Beginners,Udacity,Mobile Development,Mobile App Developer,"Swift, Kotlin, Flutter, Dart","app development, android, ios, mobile development, beginner",Beginner,60 hours,4.0,"A project-based beginner course teaching Swift, Kotlin, Flutter, Dart with real industry use cases."
React Native for Beginners - Part 2,Coursera,Mobile Development,Mobile App Developer,"Flutter, Swift, React Native, Dart","mobile development, flutter, ios, android, intermediate",Intermediate,10 weeks,4.8,"A intermediate level course covering Flutter, Swift, React Native, Dart for learners aiming to become a Mobile App Developer."
Cross Platform App Development,LinkedIn Learning,Mobile Development,Mobile App Developer,"Dart, Flutter, Firebase, Swift","app development, ios, android, flutter, intermediate",Intermediate,12 weeks,4.3,"This course builds real-world Mobile Development skills including Dart, Flutter, Firebase, Swift, ideal for aspiring Mobile App Developers."
Cross Platform App Development - Part 2,Coursera,Mobile Development,Mobile App Developer,"Firebase, Flutter, Dart, Swift","flutter, android, app development, ios, advanced",Advanced,3 weeks,4.1,"This course builds real-world Mobile Development skills including Firebase, Flutter, Dart, Swift, ideal for aspiring Mobile App Developers."
Firebase for Mobile Apps,edX,Mobile Development,Mobile App Developer,"Swift, Kotlin, React Native, Dart","android, flutter, mobile development, ios, advanced",Advanced,3 weeks,3.7,"A advanced level course covering Swift, Kotlin, React Native, Dart for learners aiming to become a Mobile App Developer."
Firebase for Mobile Apps - Part 2,Pluralsight,Mobile Development,Mobile App Developer,"Firebase, Kotlin, Dart, React Native","mobile development, ios, flutter, app development, beginner",Beginner,60 hours,4.1,"This course builds real-world Mobile Development skills including Firebase, Kotlin, Dart, React Native, ideal for aspiring Mobile App Developers."
Building Your First Mobile App,Udacity,Mobile Development,Mobile App Developer,"Firebase, Flutter, Kotlin, Swift","ios, app development, mobile development, flutter, beginner",Beginner,6 weeks,4.5,"Hands-on Mobile Development training focused on Firebase, Flutter, Kotlin, Swift, designed for beginner learners."
Building Your First Mobile App - Part 2,Coursera,Mobile Development,Mobile App Developer,"Kotlin, React Native, Firebase, Flutter","ios, android, flutter, mobile development, intermediate",Intermediate,8 weeks,4.8,"A project-based intermediate course teaching Kotlin, React Native, Firebase, Flutter with real industry use cases."
Advanced Android Development,Coursera,Mobile Development,Mobile App Developer,"Dart, Kotlin, React Native, Firebase","ios, mobile development, flutter, app development, intermediate",Intermediate,3 weeks,4.5,"A project-based intermediate course teaching Dart, Kotlin, React Native, Firebase with real industry use cases."
Advanced Android Development - Part 2,Udemy,Mobile Development,Mobile App Developer,"Firebase, Flutter, React Native, Kotlin","app development, android, flutter, ios, advanced",Advanced,10 weeks,4.0,"This course builds real-world Mobile Development skills including Firebase, Flutter, React Native, Kotlin, ideal for aspiring Mobile App Developers."
Mobile UI/UX Design Principles,edX,Mobile Development,Mobile App Developer,"Firebase, Kotlin, Flutter, Swift","android, app development, ios, mobile development, advanced",Advanced,60 hours,4.0,"A advanced level course covering Firebase, Kotlin, Flutter, Swift for learners aiming to become a Mobile App Developer."
Mobile UI/UX Design Principles - Part 2,Udacity,Mobile Development,Mobile App Developer,"Swift, React Native, Firebase, Dart","ios, android, app development, mobile development, beginner",Beginner,8 weeks,4.2,"Learn Swift, React Native, Firebase, Dart through practical projects in this beginner Mobile Development course."
App Store Deployment Guide,Pluralsight,Mobile Development,Mobile App Developer,"Firebase, React Native, Swift, Kotlin","ios, mobile development, flutter, android, beginner",Beginner,6 weeks,3.7,"A project-based beginner course teaching Firebase, React Native, Swift, Kotlin with real industry use cases."
App Store Deployment Guide - Part 2,edX,Mobile Development,Mobile App Developer,"Dart, Firebase, Kotlin, React Native","ios, mobile development, flutter, android, intermediate",Intermediate,12 weeks,3.8,"This course builds real-world Mobile Development skills including Dart, Firebase, Kotlin, React Native, ideal for aspiring Mobile App Developers."
UI/UX Design Fundamentals,LinkedIn Learning,UI/UX Design,UI/UX Designer,"Design Systems, Adobe XD, Wireframing, Figma","product design, ui design, ux design, prototyping, beginner",Beginner,10 weeks,4.8,"This course builds real-world UI/UX Design skills including Design Systems, Adobe XD, Wireframing, Figma, ideal for aspiring UI/UX Designers."
UI/UX Design Fundamentals - Part 2,LinkedIn Learning,UI/UX Design,UI/UX Designer,"User Research, Prototyping, Design Systems, Wireframing","product design, figma, ui design, ux design, intermediate",Intermediate,4 weeks,4.9,"A intermediate level course covering User Research, Prototyping, Design Systems, Wireframing for learners aiming to become a UI/UX Designer."
Figma for Beginners,LinkedIn Learning,UI/UX Design,UI/UX Designer,"User Research, Wireframing, Figma, Adobe XD","ui design, ux design, product design, figma, intermediate",Intermediate,8 weeks,3.7,"A project-based intermediate course teaching User Research, Wireframing, Figma, Adobe XD with real industry use cases."
Figma for Beginners - Part 2,Pluralsight,UI/UX Design,UI/UX Designer,"Wireframing, Adobe XD, Design Systems, Figma","ui design, prototyping, figma, product design, advanced",Advanced,60 hours,4.1,"Learn Wireframing, Adobe XD, Design Systems, Figma through practical projects in this advanced UI/UX Design course."
User Research and Testing,Udemy,UI/UX Design,UI/UX Designer,"Adobe XD, Figma, Design Systems, User Research","ux design, prototyping, figma, ui design, advanced",Advanced,60 hours,3.8,"A advanced level course covering Adobe XD, Figma, Design Systems, User Research for learners aiming to become a UI/UX Designer."
User Research and Testing - Part 2,Udacity,UI/UX Design,UI/UX Designer,"User Research, Prototyping, Design Systems, Wireframing","prototyping, figma, product design, ux design, beginner",Beginner,20 hours,4.2,"Hands-on UI/UX Design training focused on User Research, Prototyping, Design Systems, Wireframing, designed for beginner learners."
Design Systems Masterclass,Udacity,UI/UX Design,UI/UX Designer,"Design Systems, Wireframing, Prototyping, User Research","ui design, figma, product design, prototyping, beginner",Beginner,2 weeks,4.2,"Learn Design Systems, Wireframing, Prototyping, User Research through practical projects in this beginner UI/UX Design course."
Design Systems Masterclass - Part 2,Coursera,UI/UX Design,UI/UX Designer,"Wireframing, Design Systems, Figma, Prototyping","ui design, product design, ux design, prototyping, intermediate",Intermediate,40 hours,4.8,"This course builds real-world UI/UX Design skills including Wireframing, Design Systems, Figma, Prototyping, ideal for aspiring UI/UX Designers."
Adobe XD Complete Guide,Pluralsight,UI/UX Design,UI/UX Designer,"Adobe XD, Wireframing, User Research, Prototyping","ux design, ui design, prototyping, product design, intermediate",Intermediate,3 weeks,4.9,"Learn Adobe XD, Wireframing, User Research, Prototyping through practical projects in this intermediate UI/UX Design course."
Adobe XD Complete Guide - Part 2,LinkedIn Learning,UI/UX Design,UI/UX Designer,"Design Systems, Adobe XD, Figma, User Research","product design, prototyping, figma, ui design, advanced",Advanced,8 weeks,4.1,"Learn Design Systems, Adobe XD, Figma, User Research through practical projects in this advanced UI/UX Design course."
Prototyping and Wireframing,Udacity,UI/UX Design,UI/UX Designer,"User Research, Wireframing, Figma, Prototyping","figma, ui design, ux design, product design, advanced",Advanced,8 weeks,4.5,"A project-based advanced course teaching User Research, Wireframing, Figma, Prototyping with real industry use cases."
Prototyping and Wireframing - Part 2,edX,UI/UX Design,UI/UX Designer,"Design Systems, Prototyping, Adobe XD, User Research","ui design, ux design, product design, figma, beginner",Beginner,3 weeks,3.8,"This course builds real-world UI/UX Design skills including Design Systems, Prototyping, Adobe XD, User Research, ideal for aspiring UI/UX Designers."
Mobile App Design Principles,edX,UI/UX Design,UI/UX Designer,"Prototyping, User Research, Wireframing, Figma","prototyping, ui design, figma, ux design, beginner",Beginner,10 weeks,4.1,"A project-based beginner course teaching Prototyping, User Research, Wireframing, Figma with real industry use cases."
Mobile App Design Principles - Part 2,edX,UI/UX Design,UI/UX Designer,"Adobe XD, Design Systems, Wireframing, Prototyping","ux design, prototyping, ui design, figma, intermediate",Intermediate,3 weeks,4.0,"A intermediate level course covering Adobe XD, Design Systems, Wireframing, Prototyping for learners aiming to become a UI/UX Designer."
Design Thinking Bootcamp,LinkedIn Learning,UI/UX Design,UI/UX Designer,"Prototyping, Design Systems, Figma, Wireframing","figma, ux design, prototyping, product design, intermediate",Intermediate,40 hours,3.8,"Hands-on UI/UX Design training focused on Prototyping, Design Systems, Figma, Wireframing, designed for intermediate learners."
Design Thinking Bootcamp - Part 2,Udemy,UI/UX Design,UI/UX Designer,"Design Systems, User Research, Figma, Adobe XD","figma, ux design, product design, prototyping, advanced",Advanced,6 weeks,3.9,"This course builds real-world UI/UX Design skills including Design Systems, User Research, Figma, Adobe XD, ideal for aspiring UI/UX Designers."
Typography and Visual Design,edX,UI/UX Design,UI/UX Designer,"User Research, Adobe XD, Wireframing, Design Systems","prototyping, product design, ux design, figma, advanced",Advanced,12 weeks,4.3,"This course builds real-world UI/UX Design skills including User Research, Adobe XD, Wireframing, Design Systems, ideal for aspiring UI/UX Designers."
Typography and Visual Design - Part 2,Udemy,UI/UX Design,UI/UX Designer,"Adobe XD, Prototyping, Design Systems, User Research","ui design, product design, ux design, prototyping, beginner",Beginner,8 weeks,4.7,"A project-based beginner course teaching Adobe XD, Prototyping, Design Systems, User Research with real industry use cases."
Portfolio Building for Designers,Coursera,UI/UX Design,UI/UX Designer,"Adobe XD, Wireframing, User Research, Prototyping","ux design, product design, ui design, figma, beginner",Beginner,2 weeks,4.8,"This course builds real-world UI/UX Design skills including Adobe XD, Wireframing, User Research, Prototyping, ideal for aspiring UI/UX Designers."
Portfolio Building for Designers - Part 2,Udacity,UI/UX Design,UI/UX Designer,"Figma, User Research, Wireframing, Design Systems","product design, ui design, ux design, prototyping, intermediate",Intermediate,3 weeks,4.0,"A intermediate level course covering Figma, User Research, Wireframing, Design Systems for learners aiming to become a UI/UX Designer."
Business Analysis Fundamentals,Pluralsight,Business & Management,Business Analyst,"Communication, Agile, Project Management, Excel","business analysis, agile, project management, leadership, beginner",Beginner,2 weeks,4.2,"This course builds real-world Business & Management skills including Communication, Agile, Project Management, Excel, ideal for aspiring Business Analysts."
Business Analysis Fundamentals - Part 2,Coursera,Business & Management,Business Analyst,"Excel, Agile, Project Management, Communication","leadership, scrum, business analysis, project management, intermediate",Intermediate,2 weeks,4.0,"Hands-on Business & Management training focused on Excel, Agile, Project Management, Communication, designed for intermediate learners."
Agile and Scrum Masterclass,Udemy,Business & Management,Business Analyst,"Scrum, Business Analysis, Communication, Excel","business analysis, scrum, agile, leadership, intermediate",Intermediate,4 weeks,4.3,"A project-based intermediate course teaching Scrum, Business Analysis, Communication, Excel with real industry use cases."
Agile and Scrum Masterclass - Part 2,edX,Business & Management,Business Analyst,"Scrum, Excel, Agile, Business Analysis","leadership, scrum, business analysis, agile, advanced",Advanced,3 weeks,4.9,"A project-based advanced course teaching Scrum, Excel, Agile, Business Analysis with real industry use cases."
Project Management Professional Prep,LinkedIn Learning,Business & Management,Business Analyst,"Business Analysis, Communication, Excel, Project Management","scrum, business analysis, agile, project management, advanced",Advanced,2 weeks,3.9,"Learn Business Analysis, Communication, Excel, Project Management through practical projects in this advanced Business & Management course."
Project Management Professional Prep - Part 2,edX,Business & Management,Business Analyst,"Excel, Agile, Project Management, Business Analysis","business analysis, agile, leadership, scrum, beginner",Beginner,60 hours,4.3,"Learn Excel, Agile, Project Management, Business Analysis through practical projects in this beginner Business & Management course."
Excel for Business Analysts,Udemy,Business & Management,Business Analyst,"Communication, Scrum, Business Analysis, Agile","project management, leadership, business analysis, scrum, beginner",Beginner,2 weeks,4.0,"A beginner level course covering Communication, Scrum, Business Analysis, Agile for learners aiming to become a Business Analyst."
Excel for Business Analysts - Part 2,Udemy,Business & Management,Business Analyst,"Excel, Agile, Business Analysis, Scrum","scrum, leadership, project management, business analysis, intermediate",Intermediate,2 weeks,4.0,"Hands-on Business & Management training focused on Excel, Agile, Business Analysis, Scrum, designed for intermediate learners."
Leadership and Team Management,Pluralsight,Business & Management,Business Analyst,"Agile, Communication, Excel, Project Management","scrum, leadership, agile, project management, intermediate",Intermediate,4 weeks,4.0,"This course builds real-world Business & Management skills including Agile, Communication, Excel, Project Management, ideal for aspiring Business Analysts."
Leadership and Team Management - Part 2,Udacity,Business & Management,Business Analyst,"Communication, Scrum, Agile, Business Analysis","agile, business analysis, leadership, project management, advanced",Advanced,4 weeks,4.2,"A advanced level course covering Communication, Scrum, Agile, Business Analysis for learners aiming to become a Business Analyst."
Introduction to Product Management,LinkedIn Learning,Business & Management,Business Analyst,"Agile, Communication, Excel, Scrum","agile, leadership, project management, scrum, advanced",Advanced,4 weeks,4.5,"A project-based advanced course teaching Agile, Communication, Excel, Scrum with real industry use cases."
Introduction to Product Management - Part 2,Pluralsight,Business & Management,Business Analyst,"Scrum, Agile, Communication, Excel","agile, scrum, project management, business analysis, beginner",Beginner,12 weeks,4.5,"A beginner level course covering Scrum, Agile, Communication, Excel for learners aiming to become a Business Analyst."
Business Strategy Essentials,edX,Business & Management,Business Analyst,"Business Analysis, Project Management, Excel, Scrum","leadership, scrum, business analysis, agile, beginner",Beginner,60 hours,3.9,"A beginner level course covering Business Analysis, Project Management, Excel, Scrum for learners aiming to become a Business Analyst."
Business Strategy Essentials - Part 2,edX,Business & Management,Business Analyst,"Agile, Scrum, Excel, Communication","project management, scrum, leadership, agile, intermediate",Intermediate,40 hours,4.6,"This course builds real-world Business & Management skills including Agile, Scrum, Excel, Communication, ideal for aspiring Business Analysts."
Financial Analysis for Managers,Udemy,Business & Management,Business Analyst,"Business Analysis, Agile, Scrum, Project Management","agile, project management, business analysis, leadership, intermediate",Intermediate,12 weeks,4.2,"Hands-on Business & Management training focused on Business Analysis, Agile, Scrum, Project Management, designed for intermediate learners."
Financial Analysis for Managers - Part 2,LinkedIn Learning,Business & Management,Business Analyst,"Excel, Agile, Business Analysis, Scrum","scrum, project management, agile, leadership, advanced",Advanced,4 weeks,3.9,"This course builds real-world Business & Management skills including Excel, Agile, Business Analysis, Scrum, ideal for aspiring Business Analysts."
Digital Marketing Fundamentals,Coursera,Business & Management,Business Analyst,"Scrum, Project Management, Communication, Excel","agile, leadership, scrum, business analysis, advanced",Advanced,8 weeks,4.3,"A project-based advanced course teaching Scrum, Project Management, Communication, Excel with real industry use cases."
Digital Marketing Fundamentals - Part 2,Udemy,Business & Management,Business Analyst,"Communication, Project Management, Agile, Scrum","project management, business analysis, scrum, agile, beginner",Beginner,2 weeks,4.6,"Hands-on Business & Management training focused on Communication, Project Management, Agile, Scrum, designed for beginner learners."
Negotiation Skills for Professionals,edX,Business & Management,Business Analyst,"Business Analysis, Communication, Agile, Project Management","leadership, project management, agile, business analysis, beginner",Beginner,20 hours,4.0,"A beginner level course covering Business Analysis, Communication, Agile, Project Management for learners aiming to become a Business Analyst."
Negotiation Skills for Professionals - Part 2,LinkedIn Learning,Business & Management,Business Analyst,"Scrum, Communication, Excel, Business Analysis","agile, business analysis, project management, leadership, intermediate",Intermediate,30 hours,4.0,"A project-based intermediate course teaching Scrum, Communication, Excel, Business Analysis with real industry use cases."
Blockchain Fundamentals,Pluralsight,Blockchain,Blockchain Developer,"Cryptography, Ethereum, Solidity, Web3.js","crypto, blockchain, ethereum, smart contracts, beginner",Beginner,10 weeks,3.8,"Learn Cryptography, Ethereum, Solidity, Web3.js through practical projects in this beginner Blockchain course."
Blockchain Fundamentals - Part 2,Pluralsight,Blockchain,Blockchain Developer,"Ethereum, Smart Contracts, Web3.js, Cryptography","blockchain, smart contracts, crypto, web3, intermediate",Intermediate,40 hours,4.4,"Hands-on Blockchain training focused on Ethereum, Smart Contracts, Web3.js, Cryptography, designed for intermediate learners."
Solidity and Smart Contract Development,LinkedIn Learning,Blockchain,Blockchain Developer,"Solidity, Ethereum, Smart Contracts, Cryptography","web3, smart contracts, ethereum, blockchain, intermediate",Intermediate,60 hours,3.7,"A intermediate level course covering Solidity, Ethereum, Smart Contracts, Cryptography for learners aiming to become a Blockchain Developer."
Solidity and Smart Contract Development - Part 2,LinkedIn Learning,Blockchain,Blockchain Developer,"Smart Contracts, Ethereum, Cryptography, Web3.js","crypto, blockchain, web3, smart contracts, advanced",Advanced,60 hours,4.2,"Learn Smart Contracts, Ethereum, Cryptography, Web3.js through practical projects in this advanced Blockchain course."
Ethereum Development Bootcamp,Udacity,Blockchain,Blockchain Developer,"Smart Contracts, Web3.js, Solidity, Cryptography","web3, ethereum, crypto, smart contracts, advanced",Advanced,40 hours,3.9,"This course builds real-world Blockchain skills including Smart Contracts, Web3.js, Solidity, Cryptography, ideal for aspiring Blockchain Developers."
Ethereum Development Bootcamp - Part 2,Udemy,Blockchain,Blockchain Developer,"Smart Contracts, Cryptography, Web3.js, Ethereum","ethereum, web3, crypto, blockchain, beginner",Beginner,3 weeks,3.9,"Learn Smart Contracts, Cryptography, Web3.js, Ethereum through practical projects in this beginner Blockchain course."
Web3.js for Beginners,edX,Blockchain,Blockchain Developer,"Web3.js, Ethereum, Solidity, Smart Contracts","blockchain, smart contracts, web3, ethereum, beginner",Beginner,4 weeks,4.9,"Hands-on Blockchain training focused on Web3.js, Ethereum, Solidity, Smart Contracts, designed for beginner learners."
Web3.js for Beginners - Part 2,edX,Blockchain,Blockchain Developer,"Cryptography, Smart Contracts, Solidity, Web3.js","ethereum, crypto, web3, smart contracts, intermediate",Intermediate,12 weeks,3.6,"This course builds real-world Blockchain skills including Cryptography, Smart Contracts, Solidity, Web3.js, ideal for aspiring Blockchain Developers."
Building Decentralized Applications,LinkedIn Learning,Blockchain,Blockchain Developer,"Web3.js, Ethereum, Solidity, Cryptography","blockchain, crypto, web3, smart contracts, intermediate",Intermediate,60 hours,4.7,"A project-based intermediate course teaching Web3.js, Ethereum, Solidity, Cryptography with real industry use cases."
Building Decentralized Applications - Part 2,Pluralsight,Blockchain,Blockchain Developer,"Web3.js, Smart Contracts, Cryptography, Solidity","blockchain, ethereum, crypto, web3, advanced",Advanced,10 weeks,4.6,"Learn Web3.js, Smart Contracts, Cryptography, Solidity through practical projects in this advanced Blockchain course."
Introduction to Cryptocurrency,Coursera,Blockchain,Blockchain Developer,"Web3.js, Solidity, Smart Contracts, Cryptography","smart contracts, crypto, blockchain, web3, advanced",Advanced,30 hours,4.2,"A project-based advanced course teaching Web3.js, Solidity, Smart Contracts, Cryptography with real industry use cases."
Introduction to Cryptocurrency - Part 2,edX,Blockchain,Blockchain Developer,"Cryptography, Solidity, Web3.js, Smart Contracts","ethereum, smart contracts, web3, crypto, beginner",Beginner,30 hours,3.9,"Hands-on Blockchain training focused on Cryptography, Solidity, Web3.js, Smart Contracts, designed for beginner learners."
NFT Development Masterclass,Udacity,Blockchain,Blockchain Developer,"Cryptography, Solidity, Web3.js, Smart Contracts","web3, smart contracts, crypto, ethereum, beginner",Beginner,30 hours,4.4,"Hands-on Blockchain training focused on Cryptography, Solidity, Web3.js, Smart Contracts, designed for beginner learners."
NFT Development Masterclass - Part 2,Udemy,Blockchain,Blockchain Developer,"Smart Contracts, Cryptography, Solidity, Ethereum","crypto, smart contracts, ethereum, web3, intermediate",Intermediate,30 hours,4.7,"A project-based intermediate course teaching Smart Contracts, Cryptography, Solidity, Ethereum with real industry use cases."
Blockchain Security Basics,Udacity,Blockchain,Blockchain Developer,"Cryptography, Smart Contracts, Ethereum, Solidity","smart contracts, crypto, ethereum, blockchain, intermediate",Intermediate,60 hours,4.4,"This course builds real-world Blockchain skills including Cryptography, Smart Contracts, Ethereum, Solidity, ideal for aspiring Blockchain Developers."
Blockchain Security Basics - Part 2,Coursera,Blockchain,Blockchain Developer,"Cryptography, Web3.js, Ethereum, Solidity","blockchain, ethereum, crypto, web3, advanced",Advanced,6 weeks,4.7,"Hands-on Blockchain training focused on Cryptography, Web3.js, Ethereum, Solidity, designed for advanced learners."
DeFi Fundamentals,Coursera,Blockchain,Blockchain Developer,"Cryptography, Solidity, Web3.js, Smart Contracts","ethereum, smart contracts, web3, blockchain, advanced",Advanced,12 weeks,4.5,"This course builds real-world Blockchain skills including Cryptography, Solidity, Web3.js, Smart Contracts, ideal for aspiring Blockchain Developers."
DeFi Fundamentals - Part 2,LinkedIn Learning,Blockchain,Blockchain Developer,"Cryptography, Web3.js, Smart Contracts, Solidity","web3, crypto, smart contracts, ethereum, beginner",Beginner,10 weeks,4.3,"This course builds real-world Blockchain skills including Cryptography, Web3.js, Smart Contracts, Solidity, ideal for aspiring Blockchain Developers."
Smart Contract Auditing,Udemy,Blockchain,Blockchain Developer,"Web3.js, Smart Contracts, Cryptography, Ethereum","smart contracts, ethereum, blockchain, crypto, beginner",Beginner,6 weeks,4.3,"Learn Web3.js, Smart Contracts, Cryptography, Ethereum through practical projects in this beginner Blockchain course."
Smart Contract Auditing - Part 2,edX,Blockchain,Blockchain Developer,"Smart Contracts, Ethereum, Cryptography, Web3.js","smart contracts, ethereum, web3, crypto, intermediate",Intermediate,60 hours,3.8,"Learn Smart Contracts, Ethereum, Cryptography, Web3.js through practical projects in this intermediate Blockchain course."
Complete Unity Game Development,LinkedIn Learning,Game Development,Game Developer,"Game Design, C++, Unreal Engine, Unity","unreal engine, game development, unity, game design, beginner",Beginner,60 hours,4.8,"Learn Game Design, C++, Unreal Engine, Unity through practical projects in this beginner Game Development course."
Complete Unity Game Development - Part 2,edX,Game Development,Game Developer,"C++, Game Design, C#, Unity","programming, unreal engine, game design, unity, intermediate",Intermediate,40 hours,3.7,"Hands-on Game Development training focused on C++, Game Design, C#, Unity, designed for intermediate learners."
Unreal Engine for Beginners,Udemy,Game Development,Game Developer,"C#, Unity, C++, Unreal Engine","unity, game development, game design, programming, intermediate",Intermediate,3 weeks,4.5,"Learn C#, Unity, C++, Unreal Engine through practical projects in this intermediate Game Development course."
Unreal Engine for Beginners - Part 2,Pluralsight,Game Development,Game Developer,"C#, Unity, C++, Game Design","game design, programming, unreal engine, game development, advanced",Advanced,60 hours,4.0,"Learn C#, Unity, C++, Game Design through practical projects in this advanced Game Development course."
C# Programming for Game Developers,Coursera,Game Development,Game Developer,"Unity, 3D Modeling, C#, Unreal Engine","game development, unity, game design, programming, advanced",Advanced,12 weeks,4.9,"A advanced level course covering Unity, 3D Modeling, C#, Unreal Engine for learners aiming to become a Game Developer."
C# Programming for Game Developers - Part 2,Udacity,Game Development,Game Developer,"C#, Unreal Engine, Unity, Game Design","unreal engine, game development, unity, programming, beginner",Beginner,30 hours,4.9,"This course builds real-world Game Development skills including C#, Unreal Engine, Unity, Game Design, ideal for aspiring Game Developers."
2D Game Design Fundamentals,LinkedIn Learning,Game Development,Game Developer,"Game Design, C#, C++, 3D Modeling","unity, game development, programming, game design, beginner",Beginner,4 weeks,4.4,"This course builds real-world Game Development skills including Game Design, C#, C++, 3D Modeling, ideal for aspiring Game Developers."
2D Game Design Fundamentals - Part 2,Coursera,Game Development,Game Developer,"C++, Unreal Engine, 3D Modeling, Game Design","unity, programming, unreal engine, game design, intermediate",Intermediate,3 weeks,4.3,"This course builds real-world Game Development skills including C++, Unreal Engine, 3D Modeling, Game Design, ideal for aspiring Game Developers."
3D Game Development with Unity,Udacity,Game Development,Game Developer,"C++, Unity, C#, 3D Modeling","game design, unreal engine, game development, programming, intermediate",Intermediate,20 hours,4.1,"Learn C++, Unity, C#, 3D Modeling through practical projects in this intermediate Game Development course."
3D Game Development with Unity - Part 2,edX,Game Development,Game Developer,"Unreal Engine, C++, Unity, C#","unreal engine, unity, game development, programming, advanced",Advanced,12 weeks,4.0,"This course builds real-world Game Development skills including Unreal Engine, C++, Unity, C#, ideal for aspiring Game Developers."
Game Physics and Animation,Pluralsight,Game Development,Game Developer,"3D Modeling, Unreal Engine, Unity, C++","unreal engine, programming, game design, game development, advanced",Advanced,20 hours,4.8,"Hands-on Game Development training focused on 3D Modeling, Unreal Engine, Unity, C++, designed for advanced learners."
Game Physics and Animation - Part 2,Udemy,Game Development,Game Developer,"Game Design, 3D Modeling, Unreal Engine, C#","programming, game design, unreal engine, game development, beginner",Beginner,40 hours,4.5,"Hands-on Game Development training focused on Game Design, 3D Modeling, Unreal Engine, C#, designed for beginner learners."
Introduction to Game Design,Coursera,Game Development,Game Developer,"3D Modeling, Game Design, Unreal Engine, Unity","programming, game development, game design, unreal engine, beginner",Beginner,4 weeks,4.3,"A project-based beginner course teaching 3D Modeling, Game Design, Unreal Engine, Unity with real industry use cases."
Introduction to Game Design - Part 2,edX,Game Development,Game Developer,"3D Modeling, Game Design, Unity, Unreal Engine","unity, game design, game development, programming, intermediate",Intermediate,30 hours,4.2,"A intermediate level course covering 3D Modeling, Game Design, Unity, Unreal Engine for learners aiming to become a Game Developer."
Building Your First Mobile Game,Udacity,Game Development,Game Developer,"Game Design, 3D Modeling, Unity, Unreal Engine","game design, unreal engine, programming, game development, intermediate",Intermediate,2 weeks,3.9,"This course builds real-world Game Development skills including Game Design, 3D Modeling, Unity, Unreal Engine, ideal for aspiring Game Developers."
Building Your First Mobile Game - Part 2,Pluralsight,Game Development,Game Developer,"C#, 3D Modeling, Unity, Game Design","game design, unreal engine, programming, game development, advanced",Advanced,3 weeks,4.9,"A project-based advanced course teaching C#, 3D Modeling, Unity, Game Design with real industry use cases."
Multiplayer Game Development,Udacity,Game Development,Game Developer,"Unity, Unreal Engine, Game Design, C++","unity, game design, programming, unreal engine, advanced",Advanced,12 weeks,4.7,"This course builds real-world Game Development skills including Unity, Unreal Engine, Game Design, C++, ideal for aspiring Game Developers."
Multiplayer Game Development - Part 2,Udacity,Game Development,Game Developer,"Unity, 3D Modeling, C#, Unreal Engine","unreal engine, game development, game design, unity, beginner",Beginner,6 weeks,3.8,"A project-based beginner course teaching Unity, 3D Modeling, C#, Unreal Engine with real industry use cases."
Game Art and Asset Creation,Coursera,Game Development,Game Developer,"Unity, Unreal Engine, Game Design, 3D Modeling","programming, game design, unreal engine, unity, beginner",Beginner,10 weeks,3.9,"Hands-on Game Development training focused on Unity, Unreal Engine, Game Design, 3D Modeling, designed for beginner learners."
Game Art and Asset Creation - Part 2,Udemy,Game Development,Game Developer,"Unreal Engine, C#, Unity, Game Design","game design, game development, programming, unreal engine, intermediate",Intermediate,2 weeks,3.7,"A intermediate level course covering Unreal Engine, C#, Unity, Game Design for learners aiming to become a Game Developer."
